{
  "hash": "a1e360a5",
  "configHash": "518c5b54",
  "lockfileHash": "2256fc0b",
  "browserHash": "4c48a626",
  "optimized": {
    "@angular/common": {
      "src": "../../../../../../node_modules/@angular/common/fesm2022/common.mjs",
      "file": "@angular_common.js",
      "fileHash": "377bada1",
      "needsInterop": false
    },
    "@angular/common/http": {
      "src": "../../../../../../node_modules/@angular/common/fesm2022/http.mjs",
      "file": "@angular_common_http.js",
      "fileHash": "cbc71cb7",
      "needsInterop": false
    },
    "@angular/core": {
      "src": "../../../../../../node_modules/@angular/core/fesm2022/core.mjs",
      "file": "@angular_core.js",
      "fileHash": "7f4ffe86",
      "needsInterop": false
    },
    "@angular/forms": {
      "src": "../../../../../../node_modules/@angular/forms/fesm2022/forms.mjs",
      "file": "@angular_forms.js",
      "fileHash": "04b6306f",
      "needsInterop": false
    },
    "@angular/platform-browser": {
      "src": "../../../../../../node_modules/@angular/platform-browser/fesm2022/platform-browser.mjs",
      "file": "@angular_platform-browser.js",
      "fileHash": "64e1363f",
      "needsInterop": false
    },
    "@angular/router": {
      "src": "../../../../../../node_modules/@angular/router/fesm2022/router.mjs",
      "file": "@angular_router.js",
      "fileHash": "40088f5f",
      "needsInterop": false
    },
    "rxjs": {
      "src": "../../../../../../node_modules/rxjs/dist/esm5/index.js",
      "file": "rxjs.js",
      "fileHash": "fd4c5bc8",
      "needsInterop": false
    }
  },
  "chunks": {
    "chunk-Z7I5HNGD": {
      "file": "chunk-Z7I5HNGD.js"
    },
    "chunk-IMYJH4DV": {
      "file": "chunk-IMYJH4DV.js"
    },
    "chunk-K3BM3WHD": {
      "file": "chunk-K3BM3WHD.js"
    },
    "chunk-MAU7UZ65": {
      "file": "chunk-MAU7UZ65.js"
    },
    "chunk-5TID76VL": {
      "file": "chunk-5TID76VL.js"
    }
  }
}